{
"skeleton": { "hash": "3uvsjta5HhCPtaAh3Q1Ohj+fx8g", "spine": "3.6.53", "width": 1625, "height": 750, "images": "" },
"bones": [
	{ "name": "root" },
	{ "name": "bg", "parent": "root" },
	{ "name": "di", "parent": "bg", "y": 8.5 },
	{ "name": "guang", "parent": "di", "rotation": 45, "x": -25, "y": 51 },
	{ "name": "light0", "parent": "di" },
	{ "name": "light1", "parent": "light0", "x": 136, "y": -72 },
	{ "name": "light2", "parent": "light0", "x": 118, "y": -102 },
	{ "name": "light3", "parent": "light0", "x": 90, "y": -113 },
	{ "name": "light4", "parent": "light0", "x": 59, "y": -113 },
	{ "name": "light5", "parent": "light0", "x": 30, "y": -113 },
	{ "name": "light6", "parent": "light0", "y": -113 },
	{ "name": "light7", "parent": "light0", "x": -31, "y": -113 },
	{ "name": "light8", "parent": "light0", "x": -61, "y": -113 },
	{ "name": "light9", "parent": "light0", "x": -90, "y": -113 },
	{ "name": "light10", "parent": "light0", "x": -116, "y": -104 },
	{ "name": "light11", "parent": "light0", "x": -139, "y": -72 },
	{ "name": "light12", "parent": "light0", "x": -139, "y": 47 },
	{ "name": "light13", "parent": "light0", "x": -111, "y": 63 },
	{ "name": "light14", "parent": "light0", "x": -82, "y": 79 },
	{ "name": "light15", "parent": "light0", "x": -49, "y": 98 },
	{ "name": "light16", "parent": "light0", "x": -19, "y": 114 },
	{ "name": "light17", "parent": "light0", "x": 16, "y": 115 },
	{ "name": "light18", "parent": "light0", "x": 49, "y": 98 },
	{ "name": "light19", "parent": "light0", "x": 79, "y": 79 },
	{ "name": "light20", "parent": "light0", "x": 110, "y": 63 },
	{ "name": "light21", "parent": "light0", "x": 137, "y": 48 },
	{ "name": "title", "parent": "di", "x": -7, "y": -79.5 }
],
"slots": [
	{ "name": "di", "bone": "di", "attachment": "di" },
	{ "name": "light1", "bone": "light1", "color": "faffabff", "attachment": "light", "blend": "additive" },
	{ "name": "light2", "bone": "light2", "color": "faffabff", "blend": "additive" },
	{ "name": "light3", "bone": "light3", "color": "faffabff", "attachment": "light", "blend": "additive" },
	{ "name": "light4", "bone": "light4", "color": "faffabff", "blend": "additive" },
	{ "name": "light5", "bone": "light5", "color": "faffabff", "attachment": "light", "blend": "additive" },
	{ "name": "light6", "bone": "light6", "color": "faffabff", "blend": "additive" },
	{ "name": "light7", "bone": "light7", "color": "faffabff", "attachment": "light", "blend": "additive" },
	{ "name": "light8", "bone": "light8", "color": "faffabff", "blend": "additive" },
	{ "name": "light9", "bone": "light9", "color": "faffabff", "attachment": "light", "blend": "additive" },
	{ "name": "light10", "bone": "light10", "color": "faffabff", "blend": "additive" },
	{ "name": "light11", "bone": "light11", "color": "faffabff", "attachment": "light", "blend": "additive" },
	{ "name": "light12", "bone": "light12", "color": "faffabff", "attachment": "light", "blend": "additive" },
	{ "name": "light13", "bone": "light13", "color": "faffabff", "blend": "additive" },
	{ "name": "light14", "bone": "light14", "color": "faffabff", "attachment": "light", "blend": "additive" },
	{ "name": "light15", "bone": "light15", "color": "faffabff", "blend": "additive" },
	{ "name": "light16", "bone": "light16", "color": "faffabff", "attachment": "light", "blend": "additive" },
	{ "name": "light17", "bone": "light17", "color": "faffabff", "blend": "additive" },
	{ "name": "light18", "bone": "light18", "color": "faffabff", "attachment": "light", "blend": "additive" },
	{ "name": "light19", "bone": "light19", "color": "faffabff", "blend": "additive" },
	{ "name": "light20", "bone": "light20", "color": "faffabff", "attachment": "light", "blend": "additive" },
	{ "name": "light21", "bone": "light21", "color": "faffabff", "blend": "additive" },
	{ "name": "title", "bone": "title", "attachment": "title2" },
	{ "name": "guang", "bone": "guang", "attachment": "guang", "blend": "additive" }
],
"skins": {
	"default": {
		"di": {
			"di": { "width": 437, "height": 325 }
		},
		"guang": {
			"guang": { "width": 151, "height": 151 }
		},
		"light1": {
			"light": { "width": 27, "height": 27 }
		},
		"light10": {
			"light": { "width": 27, "height": 27 }
		},
		"light11": {
			"light": { "width": 27, "height": 27 }
		},
		"light12": {
			"light": { "width": 27, "height": 27 }
		},
		"light13": {
			"light": { "width": 27, "height": 27 }
		},
		"light14": {
			"light": { "width": 27, "height": 27 }
		},
		"light15": {
			"light": { "width": 27, "height": 27 }
		},
		"light16": {
			"light": { "width": 27, "height": 27 }
		},
		"light17": {
			"light": { "width": 27, "height": 27 }
		},
		"light18": {
			"light": { "width": 27, "height": 27 }
		},
		"light19": {
			"light": { "width": 27, "height": 27 }
		},
		"light2": {
			"light": { "width": 27, "height": 27 }
		},
		"light20": {
			"light": { "width": 27, "height": 27 }
		},
		"light21": {
			"light": { "width": 27, "height": 27 }
		},
		"light3": {
			"light": { "width": 27, "height": 27 }
		},
		"light4": {
			"light": { "width": 27, "height": 27 }
		},
		"light5": {
			"light": { "width": 27, "height": 27 }
		},
		"light6": {
			"light": { "width": 27, "height": 27 }
		},
		"light7": {
			"light": { "width": 27, "height": 27 }
		},
		"light8": {
			"light": { "width": 27, "height": 27 }
		},
		"light9": {
			"light": { "width": 27, "height": 27 }
		},
		"title": {
			"title2": { "y": 81, "width": 488, "height": 122 }
		}
	}
},
"animations": {
	"animation": {
		"slots": {
			"guang": {
				"color": [
					{ "time": 0, "color": "ffffff88", "curve": "stepped" },
					{ "time": 1.3333, "color": "ffffff88" },
					{ "time": 1.6667, "color": "ffffffff" },
					{ "time": 2, "color": "ffffff88" }
				]
			},
			"light1": {
				"attachment": [
					{ "time": 0, "name": "light" },
					{ "time": 0.8, "name": null },
					{ "time": 0.9333, "name": "light" },
					{ "time": 1.0667, "name": null },
					{ "time": 1.2, "name": "light" },
					{ "time": 1.3333, "name": null },
					{ "time": 1.4667, "name": "light" },
					{ "time": 1.6, "name": null },
					{ "time": 1.7333, "name": "light" },
					{ "time": 1.8667, "name": null },
					{ "time": 2, "name": "light" }
				]
			},
			"light2": {
				"attachment": [
					{ "time": 0, "name": null },
					{ "time": 0.8, "name": "light" },
					{ "time": 0.9333, "name": null },
					{ "time": 1.0667, "name": "light" },
					{ "time": 1.2, "name": null },
					{ "time": 1.3333, "name": "light" },
					{ "time": 1.4667, "name": null },
					{ "time": 1.6, "name": "light" },
					{ "time": 1.7333, "name": null },
					{ "time": 1.8667, "name": "light" },
					{ "time": 2, "name": null }
				]
			},
			"light3": {
				"attachment": [
					{ "time": 0, "name": "light" },
					{ "time": 0.8, "name": null },
					{ "time": 0.9333, "name": "light" },
					{ "time": 1.0667, "name": null },
					{ "time": 1.2, "name": "light" },
					{ "time": 1.3333, "name": null },
					{ "time": 1.4667, "name": "light" },
					{ "time": 1.6, "name": null },
					{ "time": 1.7333, "name": "light" },
					{ "time": 1.8667, "name": null },
					{ "time": 2, "name": "light" }
				]
			},
			"light4": {
				"attachment": [
					{ "time": 0, "name": null },
					{ "time": 0.8, "name": "light" },
					{ "time": 0.9333, "name": null },
					{ "time": 1.0667, "name": "light" },
					{ "time": 1.2, "name": null },
					{ "time": 1.3333, "name": "light" },
					{ "time": 1.4667, "name": null },
					{ "time": 1.6, "name": "light" },
					{ "time": 1.7333, "name": null },
					{ "time": 1.8667, "name": "light" },
					{ "time": 2, "name": null }
				]
			},
			"light5": {
				"attachment": [
					{ "time": 0, "name": "light" },
					{ "time": 0.8, "name": null },
					{ "time": 0.9333, "name": "light" },
					{ "time": 1.0667, "name": null },
					{ "time": 1.2, "name": "light" },
					{ "time": 1.3333, "name": null },
					{ "time": 1.4667, "name": "light" },
					{ "time": 1.6, "name": null },
					{ "time": 1.7333, "name": "light" },
					{ "time": 1.8667, "name": null },
					{ "time": 2, "name": "light" }
				]
			},
			"light6": {
				"attachment": [
					{ "time": 0, "name": null },
					{ "time": 0.8, "name": "light" },
					{ "time": 0.9333, "name": null },
					{ "time": 1.0667, "name": "light" },
					{ "time": 1.2, "name": null },
					{ "time": 1.3333, "name": "light" },
					{ "time": 1.4667, "name": null },
					{ "time": 1.6, "name": "light" },
					{ "time": 1.7333, "name": null },
					{ "time": 1.8667, "name": "light" },
					{ "time": 2, "name": null }
				]
			},
			"light7": {
				"attachment": [
					{ "time": 0, "name": "light" },
					{ "time": 0.8, "name": null },
					{ "time": 0.9333, "name": "light" },
					{ "time": 1.0667, "name": null },
					{ "time": 1.2, "name": "light" },
					{ "time": 1.3333, "name": null },
					{ "time": 1.4667, "name": "light" },
					{ "time": 1.6, "name": null },
					{ "time": 1.7333, "name": "light" },
					{ "time": 1.8667, "name": null },
					{ "time": 2, "name": "light" }
				]
			},
			"light8": {
				"attachment": [
					{ "time": 0, "name": null },
					{ "time": 0.8, "name": "light" },
					{ "time": 0.9333, "name": null },
					{ "time": 1.0667, "name": "light" },
					{ "time": 1.2, "name": null },
					{ "time": 1.3333, "name": "light" },
					{ "time": 1.4667, "name": null },
					{ "time": 1.6, "name": "light" },
					{ "time": 1.7333, "name": null },
					{ "time": 1.8667, "name": "light" },
					{ "time": 2, "name": null }
				]
			},
			"light9": {
				"attachment": [
					{ "time": 0, "name": "light" },
					{ "time": 0.8, "name": null },
					{ "time": 0.9333, "name": "light" },
					{ "time": 1.0667, "name": null },
					{ "time": 1.2, "name": "light" },
					{ "time": 1.3333, "name": null },
					{ "time": 1.4667, "name": "light" },
					{ "time": 1.6, "name": null },
					{ "time": 1.7333, "name": "light" },
					{ "time": 1.8667, "name": null },
					{ "time": 2, "name": "light" }
				]
			},
			"light10": {
				"attachment": [
					{ "time": 0, "name": null },
					{ "time": 0.8, "name": "light" },
					{ "time": 0.9333, "name": null },
					{ "time": 1.0667, "name": "light" },
					{ "time": 1.2, "name": null },
					{ "time": 1.3333, "name": "light" },
					{ "time": 1.4667, "name": null },
					{ "time": 1.6, "name": "light" },
					{ "time": 1.7333, "name": null },
					{ "time": 1.8667, "name": "light" },
					{ "time": 2, "name": null }
				]
			},
			"light11": {
				"attachment": [
					{ "time": 0, "name": "light" },
					{ "time": 0.8, "name": "light" },
					{ "time": 0.9333, "name": "light" },
					{ "time": 1.0667, "name": "light" },
					{ "time": 1.2, "name": "light" },
					{ "time": 1.3333, "name": "light" },
					{ "time": 1.4667, "name": "light" },
					{ "time": 1.6, "name": "light" },
					{ "time": 1.7333, "name": "light" },
					{ "time": 1.8667, "name": "light" },
					{ "time": 2, "name": "light" }
				]
			},
			"light12": {
				"attachment": [
					{ "time": 0, "name": "light" },
					{ "time": 0.8, "name": null },
					{ "time": 0.9333, "name": "light" },
					{ "time": 1.0667, "name": null },
					{ "time": 1.2, "name": "light" },
					{ "time": 1.3333, "name": null },
					{ "time": 1.4667, "name": "light" },
					{ "time": 1.6, "name": null },
					{ "time": 1.7333, "name": "light" },
					{ "time": 1.8667, "name": null },
					{ "time": 2, "name": "light" }
				]
			},
			"light13": {
				"attachment": [
					{ "time": 0, "name": null },
					{ "time": 0.8, "name": "light" },
					{ "time": 0.9333, "name": null },
					{ "time": 1.0667, "name": "light" },
					{ "time": 1.2, "name": null },
					{ "time": 1.3333, "name": "light" },
					{ "time": 1.4667, "name": null },
					{ "time": 1.6, "name": "light" },
					{ "time": 1.7333, "name": null },
					{ "time": 1.8667, "name": "light" },
					{ "time": 2, "name": null }
				]
			},
			"light14": {
				"attachment": [
					{ "time": 0, "name": "light" },
					{ "time": 0.8, "name": null },
					{ "time": 0.9333, "name": "light" },
					{ "time": 1.0667, "name": null },
					{ "time": 1.2, "name": "light" },
					{ "time": 1.3333, "name": null },
					{ "time": 1.4667, "name": "light" },
					{ "time": 1.6, "name": null },
					{ "time": 1.7333, "name": "light" },
					{ "time": 1.8667, "name": null },
					{ "time": 2, "name": "light" }
				]
			},
			"light15": {
				"attachment": [
					{ "time": 0, "name": null },
					{ "time": 0.8, "name": "light" },
					{ "time": 0.9333, "name": null },
					{ "time": 1.0667, "name": "light" },
					{ "time": 1.2, "name": null },
					{ "time": 1.3333, "name": "light" },
					{ "time": 1.4667, "name": null },
					{ "time": 1.6, "name": "light" },
					{ "time": 1.7333, "name": null },
					{ "time": 1.8667, "name": "light" },
					{ "time": 2, "name": null }
				]
			},
			"light16": {
				"attachment": [
					{ "time": 0, "name": "light" },
					{ "time": 0.8, "name": null },
					{ "time": 0.9333, "name": "light" },
					{ "time": 1.0667, "name": null },
					{ "time": 1.2, "name": "light" },
					{ "time": 1.3333, "name": null },
					{ "time": 1.4667, "name": "light" },
					{ "time": 1.6, "name": null },
					{ "time": 1.7333, "name": "light" },
					{ "time": 1.8667, "name": null },
					{ "time": 2, "name": "light" }
				]
			},
			"light17": {
				"attachment": [
					{ "time": 0, "name": null },
					{ "time": 0.8, "name": "light" },
					{ "time": 0.9333, "name": null },
					{ "time": 1.0667, "name": "light" },
					{ "time": 1.2, "name": null },
					{ "time": 1.3333, "name": "light" },
					{ "time": 1.4667, "name": null },
					{ "time": 1.6, "name": "light" },
					{ "time": 1.7333, "name": null },
					{ "time": 1.8667, "name": "light" },
					{ "time": 2, "name": null }
				]
			},
			"light18": {
				"attachment": [
					{ "time": 0, "name": "light" },
					{ "time": 0.8, "name": null },
					{ "time": 0.9333, "name": "light" },
					{ "time": 1.0667, "name": null },
					{ "time": 1.2, "name": "light" },
					{ "time": 1.3333, "name": null },
					{ "time": 1.4667, "name": "light" },
					{ "time": 1.6, "name": null },
					{ "time": 1.7333, "name": "light" },
					{ "time": 1.8667, "name": null },
					{ "time": 2, "name": "light" }
				]
			},
			"light19": {
				"attachment": [
					{ "time": 0, "name": null },
					{ "time": 0.8, "name": "light" },
					{ "time": 0.9333, "name": null },
					{ "time": 1.0667, "name": "light" },
					{ "time": 1.2, "name": null },
					{ "time": 1.3333, "name": "light" },
					{ "time": 1.4667, "name": null },
					{ "time": 1.6, "name": "light" },
					{ "time": 1.7333, "name": null },
					{ "time": 1.8667, "name": "light" },
					{ "time": 2, "name": null }
				]
			},
			"light20": {
				"attachment": [
					{ "time": 0, "name": "light" },
					{ "time": 0.8, "name": null },
					{ "time": 0.9333, "name": "light" },
					{ "time": 1.0667, "name": null },
					{ "time": 1.2, "name": "light" },
					{ "time": 1.3333, "name": null },
					{ "time": 1.4667, "name": "light" },
					{ "time": 1.6, "name": null },
					{ "time": 1.7333, "name": "light" },
					{ "time": 1.8667, "name": null },
					{ "time": 2, "name": "light" }
				]
			},
			"light21": {
				"attachment": [
					{ "time": 0, "name": null },
					{ "time": 0.9333, "name": null },
					{ "time": 1.2, "name": null },
					{ "time": 1.4667, "name": null },
					{ "time": 1.7333, "name": null },
					{ "time": 2, "name": null }
				]
			}
		},
		"bones": {
			"di": {
				"translate": [
					{
						"time": 0,
						"x": 0,
						"y": 500,
						"curve": [ 0.25, 0, 0.75, 1 ]
					},
					{
						"time": 0.3333,
						"x": 0,
						"y": -20,
						"curve": [ 0.25, 0, 0.75, 1 ]
					},
					{
						"time": 0.5,
						"x": 0,
						"y": 20,
						"curve": [ 0.25, 0, 0.75, 1 ]
					},
					{ "time": 0.6667, "x": 0, "y": 0, "curve": "stepped" },
					{ "time": 3, "x": 0, "y": 0 }
				]
			},
			"title": {
				"translate": [
					{
						"time": 0,
						"x": 0,
						"y": 0,
						"curve": [ 0.25, 0, 0.75, 1 ]
					},
					{ "time": 0.6333, "x": 0, "y": 60, "curve": "stepped" },
					{
						"time": 0.9333,
						"x": 0,
						"y": 60,
						"curve": [ 0.25, 0, 0.75, 1 ]
					},
					{
						"time": 1.1667,
						"x": 0,
						"y": -20,
						"curve": [ 0.25, 0, 0.75, 1 ]
					},
					{
						"time": 1.3,
						"x": 0,
						"y": 6,
						"curve": [ 0.25, 0, 0.75, 1 ]
					},
					{ "time": 1.4667, "x": 0, "y": 0 }
				],
				"scale": [
					{ "time": 0, "x": 0, "y": 0, "curve": "stepped" },
					{
						"time": 0.6333,
						"x": 0,
						"y": 0,
						"curve": [ 0.25, 0, 0.75, 1 ]
					},
					{ "time": 1.1667, "x": 1, "y": 1, "curve": "stepped" },
					{ "time": 1.4667, "x": 1, "y": 1 }
				]
			},
			"guang": {
				"rotate": [
					{ "time": 0, "angle": 0, "curve": "stepped" },
					{ "time": 1.3333, "angle": 0 },
					{ "time": 2, "angle": -97.86 }
				],
				"translate": [
					{ "time": 0, "x": 0, "y": 0, "curve": "stepped" },
					{ "time": 1.3333, "x": 0, "y": 0 }
				],
				"scale": [
					{ "time": 0, "x": 0, "y": 0, "curve": "stepped" },
					{ "time": 1.3333, "x": 0, "y": 0 },
					{ "time": 1.6667, "x": 3, "y": 2 },
					{ "time": 2, "x": 1, "y": 1 }
				]
			}
		}
	}
}
}